feature,importance
half_baths,0.04730303851128351
stories,0.7285465168573374
permit_to_start_days,0.8465179367195668
days_sale_to_start,0.9791889445209784
permit_days,1.074792591594963
permit_authority,1.078194455081695
metro,2.0814045241632857
lot_size_sqft,2.259384979669356
plan_code,2.3154038959082466
lot_type,2.3197077296349744
beds,3.373470760763516
start_month,3.573315610182589
product_line,3.8229982443011514
start_season,4.507637858783269
garage_size,4.975014267184184
site_manager,5.5548002805468135
baths,6.0739610828227395
basement_type,6.212175980665062
is_spec_home,7.184882900705395
community,7.718244592637622
selected_options_value,11.362892493360254
sqft,21.910161315385743
