site_manager,count,mean,median,std,se,ci_low,ci_high
manager_06,245,-17.481044205095152,-22.969728567786433,48.60115520616796,3.105013909314553,-23.566871467351675,-11.395216942838628
manager_09,241,-9.50772802631897,-11.481727893271994,41.45056292788259,2.670065477804019,-14.741056362814849,-4.274399689823093
manager_11,261,-8.760638578355438,-12.520298698291612,42.29296149692182,2.617868595893311,-13.891661026306327,-3.629616130404549
manager_15,208,-7.138598626570188,-11.520139641355897,37.21708746403542,2.5805407149039956,-12.19645842778202,-2.080738825358356
manager_14,241,-7.0146363993394365,-13.78193396770746,39.29446787408631,2.5311791861987265,-11.97574760428894,-2.053525194389933
manager_12,276,-5.214381750363321,-9.607151804155961,43.54209677853224,2.620926232913363,-10.351397166873513,-0.07736633385312963
manager_05,207,-4.610788617572559,-9.88993580597247,39.79738805015262,2.766109683426534,-10.032363597088565,0.8107863619434479
manager_10,222,-3.3323346236380087,-6.562347918939238,40.9141830198866,2.745980167793171,-8.714455752512624,2.049786505236606
manager_07,178,-2.871292739699572,-8.851431044959028,45.76330227014043,3.4301045244566493,-9.594297607634605,3.8517121282354605
manager_04,195,-1.350751736206909,-8.820316366791076,43.53829028575041,3.117841726387242,-7.461721519925904,4.760218047512085
manager_18,238,0.7903361178759641,-4.07728497569132,38.86754317331253,2.5194086210265687,-4.14770477933611,5.728377015088038
manager_13,224,1.1932907708836649,-4.004165009889178,36.862613911171444,2.462986993509473,-3.6341637363949024,6.020745278162232
manager_17,202,5.624389363776669,0.541068002877708,41.51105549322558,2.920707672419641,-0.10019767416582681,11.348976401719165
manager_01,219,7.6762402368914415,1.9885686998325411,40.46146089295863,2.7341321510021186,2.317341220927289,13.035139252855593
manager_03,235,8.269185306766143,0.8798889412927338,38.49292505546762,2.511001562762376,3.3476222437518866,13.190748369780401
manager_02,245,12.459540791192664,8.502327433811331,37.55870741004036,2.3995377975964374,7.756446707903646,17.162634874481682
manager_16,248,14.78706277139331,13.536420957709595,32.95624219516256,2.092723472117341,10.685324766043323,18.8888007767433
manager_08,192,18.239409051982623,12.963494237939791,37.1098113161399,2.678169944118699,12.990195961509972,23.488622142455274
