home_id,predicted_cycle_days
home_004153,146
home_003424,159
home_002609,151
home_003366,135
home_002107,225
home_001960,243
home_004099,192
home_003258,194
home_003304,150
home_000480,189
home_001265,154
home_004278,216
home_004803,260
home_001002,245
home_004145,121
home_002133,251
home_003182,205
home_001446,134
home_004454,146
home_003175,212
home_003171,271
home_003695,207
home_004069,117
home_004586,157
home_003448,192
home_003456,119
home_000919,158
home_001139,140
home_001828,111
home_003777,151
home_003038,160
home_004728,267
home_004446,226
home_000090,133
home_003690,214
home_003652,133
home_004734,148
home_000459,149
home_000134,148
home_002622,115
home_001381,139
home_002891,100
home_002108,205
home_001059,126
home_002382,158
home_001419,136
home_001765,216
home_001091,181
home_003399,160
home_000799,121
home_004473,192
home_003036,132
home_004603,181
home_001380,154
home_000831,137
home_004166,165
home_000494,157
home_003707,142
home_001593,203
home_005013,197
home_002431,147
home_004141,185
home_004097,162
home_000682,192
home_000285,235
home_001286,220
home_003917,179
home_000774,223
home_001293,202
home_003510,118
home_002665,214
home_002199,165
home_001132,231
home_003920,148
home_002524,129
home_000246,155
home_004707,309
home_000171,346
home_003501,123
home_005020,157
home_001969,259
home_004826,219
home_004965,297
home_000509,227
home_004311,247
home_000525,168
home_004710,251
home_004116,310
home_001079,245
home_003382,154
home_002488,204
home_002513,141
home_004872,140
home_003184,183
home_003755,221
home_002206,138
home_004890,159
home_005211,197
home_000263,136
home_001635,218
home_004656,153
home_003697,152
home_003644,186
home_000380,122
home_001423,149
home_003630,163
home_004056,255
home_004959,131
home_003316,195
home_004267,149
home_001998,198
home_002017,167
home_004151,108
home_003528,103
home_003724,151
home_003463,131
home_001278,260
home_003535,217
home_001741,200
home_004531,230
home_005079,176
home_000375,173
home_002852,145
home_005069,213
home_000463,183
home_003397,120
home_000428,189
home_000686,132
home_003892,259
home_002669,177
home_004191,183
home_000397,211
home_001060,123
home_004980,157
home_002339,214
home_002812,194
home_003322,182
home_004370,266
home_004247,137
home_000270,249
home_002943,301
home_003747,148
home_004005,138
home_000524,133
home_003393,220
home_004913,126
home_002920,115
home_003928,163
home_000476,292
home_003433,151
home_004471,165
home_004089,230
home_002802,181
home_003774,249
home_003065,136
home_000855,189
home_002049,208
home_003794,150
home_002018,184
home_001310,176
home_001938,123
home_004420,158
home_000301,171
home_001245,178
home_005058,272
home_004547,141
home_004533,188
home_000154,143
home_003761,147
home_004719,134
home_000776,162
home_002932,256
home_000313,174
home_002478,202
home_002768,146
home_003696,190
home_004268,149
home_001144,299
home_000899,229
home_003140,116
home_005166,222
home_002597,147
home_002968,169
home_003137,136
home_000416,188
home_004570,216
home_003577,127
home_000878,153
home_003565,147
home_001988,211
home_005039,105
home_004873,186
home_003414,134
home_000335,241
home_000319,153
home_002455,308
home_001743,235
home_000765,160
home_002940,124
home_004496,280
home_003768,145
home_002804,176
home_004285,194
home_001822,127
home_003097,234
home_001661,143
home_003427,140
home_003112,203
home_002679,139
home_000251,136
home_001064,107
home_001838,159
home_001877,198
home_000737,308
home_004458,167
home_001949,117
home_002521,197
home_003130,184
home_004336,214
home_003116,147
home_000354,143
home_002769,127
home_004027,144
home_004451,188
home_003128,133
home_000616,238
home_002729,180
home_000151,242
home_001145,148
home_000161,129
home_000222,211
home_002655,147
home_001562,167
home_000914,157
home_003906,128
home_004307,219
home_005174,158
home_002855,200
home_000277,224
home_003207,143
home_004684,198
home_003814,131
home_002858,293
home_004410,226
home_002446,113
home_004597,149
home_002541,217
home_003105,171
home_002420,214
home_002774,260
home_000550,250
home_001875,148
home_002367,207
home_000658,122
home_001550,170
home_001070,247
home_001710,140
home_000931,222
home_003966,161
home_002810,119
home_000871,140
home_004941,156
home_000482,258
home_002034,220
home_001218,106
home_002701,210
home_004830,159
home_003329,221
home_002806,176
home_003045,170
home_001492,163
home_003888,119
home_000114,195
home_004938,286
home_004933,209
home_002602,221
home_005102,133
home_000303,128
home_001409,381
home_001666,206
home_000504,128
home_005196,152
home_003457,185
home_002292,136
home_001744,123
home_003191,254
home_002083,108
home_001750,129
home_004235,150
home_002963,138
home_000987,128
home_000809,142
home_004814,120
home_003988,226
home_002492,190
home_003278,105
home_002305,117
home_002006,171
home_000750,255
home_004934,128
home_002118,115
home_004662,150
home_002755,200
home_003486,172
home_003225,209
home_001806,257
home_002738,201
home_005152,164
home_004937,112
home_002046,214
home_001748,310
home_004230,154
home_000454,157
home_002857,159
home_001910,194
home_001178,180
home_002550,186
home_005138,134
home_004339,255
home_003467,138
home_001800,242
home_004587,167
home_003782,143
home_003776,266
home_001679,281
home_004351,154
home_002807,119
home_002402,256
home_004288,183
home_003480,173
home_004539,156
home_003547,134
home_003969,195
home_002430,187
home_003529,124
home_000424,140
home_002878,160
home_002244,277
home_000139,186
home_000113,169
home_002310,213
home_002410,143
home_000867,190
home_005230,186
home_000785,141
home_000420,204
home_001826,187
home_005111,139
home_004736,295
home_002841,119
home_002838,128
home_004014,250
home_004513,189
home_003481,225
home_003741,107
home_000371,171
home_002021,270
home_002320,114
home_001100,160
home_002994,161
home_004169,134
home_003721,148
home_002429,147
home_002554,150
home_004818,147
home_000085,132
home_004259,111
home_002025,164
home_004147,181
home_001812,139
home_004592,155
home_000234,131
home_000061,215
home_002883,132
home_005121,173
home_003517,255
home_004998,113
home_001917,111
home_004463,155
home_000762,307
home_002453,131
home_002407,196
home_003836,153
home_001244,235
home_004415,187
home_003736,112
home_002153,150
home_001341,152
home_001376,174
home_003190,160
home_000611,136
home_004359,179
home_001082,141
home_002680,218
home_001602,288
home_000142,132
home_002343,189
home_005032,174
home_004264,138
home_002247,201
home_003667,110
home_005098,139
home_003752,120
home_000880,133
home_003347,188
home_001390,175
home_002481,149
home_002091,318
home_001212,169
home_005064,158
home_001651,119
home_000115,214
home_000345,113
home_001165,144
home_003663,152
home_003450,129
home_003136,236
home_002619,113
home_004050,141
home_002747,101
home_004428,245
home_001294,130
home_004404,166
home_002364,157
home_002736,213
home_001233,147
home_005143,174
home_001097,191
home_003164,288
home_004397,148
home_002482,205
home_002842,240
home_002642,143
home_003940,158
home_002659,132
home_001453,182
home_003493,137
home_000498,165
home_000388,253
home_003654,137
home_005178,226
home_001799,260
home_002798,205
home_005063,215
home_005084,243
home_004225,143
home_003602,175
home_005231,251
home_000078,194
home_001999,205
home_000808,204
home_001107,171
home_002205,167
home_000377,161
home_003848,223
home_005070,145
home_001795,245
home_005133,218
home_002959,150
home_002975,141
home_004702,181
home_000026,100
home_001805,125
home_002256,110
home_003240,225
home_002709,174
home_001944,256
home_000506,170
home_002700,170
home_003798,174
home_001576,153
home_004175,217
home_003394,153
home_001396,133
home_002876,124
home_003093,131
home_001559,114
home_001257,226
home_004735,144
home_004034,211
home_004817,230
home_002241,153
home_000848,154
home_004418,218
home_002563,196
home_005042,169
home_000236,199
home_003871,159
home_000705,112
home_003650,150
home_001057,202
home_004228,198
home_003891,235
home_002190,135
home_000684,164
home_000035,167
home_000910,334
home_001041,177
home_001327,165
home_005126,171
home_001351,197
home_002566,149
home_002733,120
home_000326,238
home_001847,118
home_003742,209
home_002685,159
home_000835,168
home_003974,179
home_001544,201
home_004402,147
home_003176,187
home_000117,185
home_000032,128
home_001183,144
home_002687,180
home_002415,113
home_004406,121
home_004561,223
home_001749,156
home_001415,113
home_002715,263
home_001756,183
home_002926,95
home_000579,248
home_003370,153
home_002016,212
home_002031,207
home_005132,262
home_004338,210
home_004389,108
home_002290,195
home_000439,261
home_004995,269
home_000020,138
home_003210,167
home_002674,176
home_000800,143
home_003033,196
home_000681,223
home_002953,146
home_000502,225
home_000747,207
home_000496,134
home_003197,207
home_003954,181
home_000367,229
home_003566,251
home_001774,253
home_001798,197
home_002379,257
home_001510,165
home_001032,183
home_005019,142
home_003083,231
home_003634,159
home_003265,117
home_001085,152
home_000547,257
home_004348,245
home_003894,133
home_001797,129
home_001225,166
home_003476,155
home_001485,140
home_003144,170
home_001639,148
home_003338,229
home_001250,205
home_003717,161
home_000696,213
home_000596,246
home_000769,112
home_001405,278
home_003293,245
home_001129,166
home_005161,142
home_000576,151
